ASIN,Product Description,Manufacturer
,,
,,
,,
,,
,,
Not available,Not available,Not available
,,
,,
,,
,,
,,
,,
,,
,,
Not available,Not available,Visit the PAZZO Store
,,
,,
,,
Not available,The product will be an excellent pick for you. It ensures an easy maintenance.,Visit the F Gear Store
Not available,"Carry your laptop conveniently with this stylish laptop messenger bag from Amazon Basics. It comes with a padded pocket suitable for a 15"" laptop, and other pockets to store small items. It is made from durable, water-resistant nylon and protects your belongings against accidental scratches, drops, shocks, and spills. The metal zippers add to its sturdiness and reliability. It comes with an adjustable shoulder strap, that may be removed to carry it as a handbag. It attaches easily to trolleys or luggage handles, making it the perfect on-the-go laptop case.",Brand: amazon basics
,,
,,
,,
Not available,"Gear bags are designed for the quick commute as well for the long journey. These backpacks can be used as laptop bags, adventure bags and so on. Your favorite travel companion, the backpacks come with enough storage space to carry all your requirements.",Visit the Gear Store
Not available,"GLOWIC presents an range of chic, stylish and classy bags. Perfect Look: Designed for the modern woman, we use a variety of trendy and traditional prints that make you and your bag stand out in the crowd. Colourful: Classic colour combinations as well as mix and match of hip patterns make these bags ideal for any occasion. Occasion: be it work, college,travel, event or a party, there is a perfect bag for everything and everyone. Long Lasting: Comfortable and Spacious, light to hold and long lasting, our line of fashionable sling bags and totes are a must have in any wardrobe Available in beautiful prints, eye catching embroidery and brilliant colours, our bags complement your clothes and accentuate your accessories.Available in beautiful prints, eye catching embroidery and brilliant colours, our bags complement your clothes and accentuate your accessories.",Visit the Glowic Store
,,
,,
,,
,,
,,
,,
,,
,,
,,
,,
,,
,,
,,
,,
,,
,,
,,
,,
,,
Not available,"A dream to create an avant - garde range of hand bags and accessories that manifest this free spirited culture. To be adorned by today's urban woman who reflects the tomorrows. With a confident aesthetic sense, sleek cuts and an indulgent voice to suit any occasion - Capreseâ€™s every design is crafted as a style testament to every woman who wishes to announce her arrival in life.",Visit the Caprese Store
Not available,Not available,Visit the ADISA Store
,,
,,
